[
  {
    "id": 1,
    "username": "srogers",
    "firstName": "Edward",
    "lastName": "Adams",
    "email": "michealgarza@castillo.net",
    "birthDate": "1965-11-03",
    "basicSalary": 5724.43,
    "status": "Full Time",
    "group": "HR",
    "description": "2024-06-30T09:02:10+00:00"
  },
  {
    "id": 2,
    "username": "logan82",
    "firstName": "Carolyn",
    "lastName": "Haley",
    "email": "lucassandoval@bailey-rowland.org",
    "birthDate": "1968-04-11",
    "basicSalary": 11020.16,
    "status": "Contract",
    "group": "IT",
    "description": "2025-02-17T10:24:49+00:00"
  },
  {
    "id": 3,
    "username": "hrowe",
    "firstName": "Aaron",
    "lastName": "Ferrell",
    "email": "melissa03@allen.org",
    "birthDate": "1978-08-25",
    "basicSalary": 10127.08,
    "status": "Contract",
    "group": "Finance",
    "description": "2024-05-04T11:51:26+00:00"
  },
  {
    "id": 4,
    "username": "sarahswanson",
    "firstName": "Eric",
    "lastName": "Terrell",
    "email": "olambert@oconnor-ruiz.com",
    "birthDate": "2000-04-23",
    "basicSalary": 10568.29,
    "status": "Full Time",
    "group": "Operation",
    "description": "2025-06-24T18:58:34+00:00"
  },
  {
    "id": 5,
    "username": "lmcknight",
    "firstName": "Keith",
    "lastName": "Valdez",
    "email": "gfox@hotmail.com",
    "birthDate": "1989-03-15",
    "basicSalary": 7889.71,
    "status": "Contract",
    "group": "Finance",
    "description": "2024-03-29T17:08:07+00:00"
  },
  {
    "id": 6,
    "username": "pittmantheresa",
    "firstName": "Amanda",
    "lastName": "Walker",
    "email": "mpatterson@peterson.biz",
    "birthDate": "1988-05-02",
    "basicSalary": 7719.64,
    "status": "Full Time",
    "group": "HR",
    "description": "2025-06-04T13:29:27+00:00"
  },
  {
    "id": 7,
    "username": "gthomas",
    "firstName": "Beth",
    "lastName": "Payne",
    "email": "michael73@caldwell-hall.org",
    "birthDate": "1995-02-12",
    "basicSalary": 10658.85,
    "status": "Full Time",
    "group": "HR",
    "description": "2024-05-09T11:28:22+00:00"
  },
  {
    "id": 8,
    "username": "jesseowens",
    "firstName": "Jacob",
    "lastName": "Mclaughlin",
    "email": "jordanmelissa@hotmail.com",
    "birthDate": "2001-03-03",
    "basicSalary": 10542.78,
    "status": "Contract",
    "group": "Operation",
    "description": "2025-07-04T04:57:15+00:00"
  },
  {
    "id": 9,
    "username": "cindymeadows",
    "firstName": "Nicole",
    "lastName": "Taylor",
    "email": "brendawilliams@logan.com",
    "birthDate": "1987-03-06",
    "basicSalary": 11081.29,
    "status": "Contract",
    "group": "Operation",
    "description": "2024-09-10T11:07:36+00:00"
  },
  {
    "id": 10,
    "username": "howardjonathan",
    "firstName": "Karen",
    "lastName": "Mora",
    "email": "jody07@montgomery.com",
    "birthDate": "1989-03-01",
    "basicSalary": 8294.3,
    "status": "Full Time",
    "group": "Operation",
    "description": "2024-09-09T18:50:50+00:00"
  },
  {
    "id": 11,
    "username": "martinrobert",
    "firstName": "Christopher",
    "lastName": "Gay",
    "email": "sbuckley@patel.com",
    "birthDate": "1983-01-31",
    "basicSalary": 9729.65,
    "status": "Full Time",
    "group": "Digital",
    "description": "2024-05-08T13:13:55+00:00"
  },
  {
    "id": 12,
    "username": "brandon86",
    "firstName": "Sarah",
    "lastName": "Anderson",
    "email": "jeffrey02@gmail.com",
    "birthDate": "1985-08-26",
    "basicSalary": 3686.24,
    "status": "Contract",
    "group": "Operation",
    "description": "2024-05-06T21:47:12+00:00"
  },
  {
    "id": 13,
    "username": "kathrynwest",
    "firstName": "Christine",
    "lastName": "Lopez",
    "email": "heatherking@stafford.info",
    "birthDate": "1990-10-10",
    "basicSalary": 7146.33,
    "status": "Full Time",
    "group": "Operation",
    "description": "2024-12-11T21:30:19+00:00"
  },
  {
    "id": 14,
    "username": "matthewharris",
    "firstName": "Diane",
    "lastName": "Rhodes",
    "email": "mwaller@hotmail.com",
    "birthDate": "2000-03-11",
    "basicSalary": 9219.06,
    "status": "Contract",
    "group": "Digital",
    "description": "2025-05-21T00:04:16+00:00"
  },
  {
    "id": 15,
    "username": "tayloralbert",
    "firstName": "Deborah",
    "lastName": "Stark",
    "email": "carol69@wood-fowler.net",
    "birthDate": "1970-01-20",
    "basicSalary": 13291.4,
    "status": "Contract",
    "group": "Finance",
    "description": "2024-09-15T15:58:33+00:00"
  },
  {
    "id": 16,
    "username": "zachary63",
    "firstName": "Jared",
    "lastName": "Wilson",
    "email": "oharris@crawford-jones.com",
    "birthDate": "1972-12-25",
    "basicSalary": 5438.64,
    "status": "Contract",
    "group": "Digital",
    "description": "2024-04-15T09:27:07+00:00"
  },
  {
    "id": 17,
    "username": "mchristian",
    "firstName": "Amanda",
    "lastName": "Cantrell",
    "email": "sara79@collins.com",
    "birthDate": "1992-02-24",
    "basicSalary": 13987.8,
    "status": "Contract",
    "group": "Operation",
    "description": "2024-02-22T22:18:19+00:00"
  },
  {
    "id": 18,
    "username": "kellyowens",
    "firstName": "Ronald",
    "lastName": "Hernandez",
    "email": "tamithompson@montgomery.com",
    "birthDate": "1995-11-03",
    "basicSalary": 3017.59,
    "status": "Contract",
    "group": "Operation",
    "description": "2024-04-14T14:39:03+00:00"
  },
  {
    "id": 19,
    "username": "donnamercado",
    "firstName": "Robin",
    "lastName": "Silva",
    "email": "bobbycortez@montgomery.com",
    "birthDate": "1969-02-13",
    "basicSalary": 8590.28,
    "status": "Contract",
    "group": "IT",
    "description": "2024-03-04T01:05:30+00:00"
  },
  {
    "id": 20,
    "username": "xsmith",
    "firstName": "Mary",
    "lastName": "Roman",
    "email": "jonestracy@myers.com",
    "birthDate": "1990-03-06",
    "basicSalary": 12108.06,
    "status": "Full Time",
    "group": "Operation",
    "description": "2024-08-05T11:54:51+00:00"
  },
  {
    "id": 21,
    "username": "jrichardson",
    "firstName": "Rachael",
    "lastName": "Howard",
    "email": "hbutler@clark.info",
    "birthDate": "1986-03-11",
    "basicSalary": 11189.52,
    "status": "Full Time",
    "group": "HR",
    "description": "2024-03-14T13:51:27+00:00"
  },
  {
    "id": 22,
    "username": "sharon15",
    "firstName": "Catherine",
    "lastName": "Casey",
    "email": "james39@hotmail.com",
    "birthDate": "2003-05-30",
    "basicSalary": 5366.94,
    "status": "Contract",
    "group": "HR",
    "description": "2025-07-19T11:23:18+00:00"
  },
  {
    "id": 23,
    "username": "kevin42",
    "firstName": "Justin",
    "lastName": "Holmes",
    "email": "natashamurphy@yahoo.com",
    "birthDate": "1983-09-14",
    "basicSalary": 11991.86,
    "status": "Full Time",
    "group": "Digital",
    "description": "2024-09-16T11:20:58+00:00"
  },
  {
    "id": 24,
    "username": "longeric",
    "firstName": "Micheal",
    "lastName": "Wagner",
    "email": "jeremy90@gmail.com",
    "birthDate": "1975-08-02",
    "basicSalary": 11122.14,
    "status": "Contract",
    "group": "Operation",
    "description": "2025-05-12T03:48:48+00:00"
  },
  {
    "id": 25,
    "username": "hayers",
    "firstName": "Jenna",
    "lastName": "Juarez",
    "email": "andrewnavarro@spencer.com",
    "birthDate": "1993-12-26",
    "basicSalary": 7144.79,
    "status": "Contract",
    "group": "Operation",
    "description": "2025-05-16T20:08:46+00:00"
  },
  {
    "id": 26,
    "username": "markhall",
    "firstName": "Laura",
    "lastName": "Swanson",
    "email": "jdowns@robinson-waters.net",
    "birthDate": "1967-03-27",
    "basicSalary": 5939.65,
    "status": "Full Time",
    "group": "HR",
    "description": "2025-06-07T08:06:38+00:00"
  },
  {
    "id": 27,
    "username": "laurenadams",
    "firstName": "Raymond",
    "lastName": "Boone",
    "email": "brittanyparker@hotmail.com",
    "birthDate": "2004-03-26",
    "basicSalary": 10988.76,
    "status": "Contract",
    "group": "Operation",
    "description": "2024-09-23T10:55:43+00:00"
  },
  {
    "id": 28,
    "username": "whiteernest",
    "firstName": "Briana",
    "lastName": "Juarez",
    "email": "james24@mason.com",
    "birthDate": "1985-10-05",
    "basicSalary": 6783.35,
    "status": "Contract",
    "group": "Operation",
    "description": "2024-05-06T00:37:11+00:00"
  },
  {
    "id": 29,
    "username": "snyderjohnny",
    "firstName": "Timothy",
    "lastName": "Johnson",
    "email": "mjohnson@hotmail.com",
    "birthDate": "1978-05-10",
    "basicSalary": 14553.06,
    "status": "Contract",
    "group": "HR",
    "description": "2025-03-07T22:01:14+00:00"
  },
  {
    "id": 30,
    "username": "danielle24",
    "firstName": "Jennifer",
    "lastName": "Brady",
    "email": "mary06@hotmail.com",
    "birthDate": "1993-07-02",
    "basicSalary": 3990.54,
    "status": "Contract",
    "group": "Finance",
    "description": "2024-02-21T17:26:33+00:00"
  },
  {
    "id": 31,
    "username": "cruzanthony",
    "firstName": "Leslie",
    "lastName": "Herman",
    "email": "taylor58@reynolds.biz",
    "birthDate": "1975-09-22",
    "basicSalary": 11557.02,
    "status": "Contract",
    "group": "Finance",
    "description": "2025-06-18T17:45:14+00:00"
  },
  {
    "id": 32,
    "username": "evanskeith",
    "firstName": "Alexander",
    "lastName": "Flores",
    "email": "samanthabrown@michael.org",
    "birthDate": "2002-12-03",
    "basicSalary": 9681.2,
    "status": "Contract",
    "group": "Finance",
    "description": "2024-10-01T01:32:07+00:00"
  },
  {
    "id": 33,
    "username": "thomasowen",
    "firstName": "Nathan",
    "lastName": "Wang",
    "email": "zschultz@johnson.net",
    "birthDate": "1983-01-13",
    "basicSalary": 4724.78,
    "status": "Contract",
    "group": "IT",
    "description": "2025-01-22T08:17:28+00:00"
  },
  {
    "id": 34,
    "username": "lorihubbard",
    "firstName": "Todd",
    "lastName": "Watson",
    "email": "vmarquez@lee-espinoza.net",
    "birthDate": "2001-03-12",
    "basicSalary": 13939.95,
    "status": "Full Time",
    "group": "Finance",
    "description": "2024-11-08T09:20:44+00:00"
  },
  {
    "id": 35,
    "username": "pbennett",
    "firstName": "Wendy",
    "lastName": "Hoover",
    "email": "wwallace@hotmail.com",
    "birthDate": "1986-10-14",
    "basicSalary": 4670.91,
    "status": "Full Time",
    "group": "HR",
    "description": "2024-03-21T10:10:56+00:00"
  },
  {
    "id": 36,
    "username": "tstewart",
    "firstName": "Shannon",
    "lastName": "Hill",
    "email": "roger45@gmail.com",
    "birthDate": "1992-11-22",
    "basicSalary": 13474.99,
    "status": "Full Time",
    "group": "Finance",
    "description": "2025-06-20T07:17:09+00:00"
  },
  {
    "id": 37,
    "username": "steven28",
    "firstName": "Jodi",
    "lastName": "Young",
    "email": "tammydiaz@jones-johnson.info",
    "birthDate": "1973-09-23",
    "basicSalary": 8142.82,
    "status": "Contract",
    "group": "Operation",
    "description": "2024-07-28T22:03:41+00:00"
  },
  {
    "id": 38,
    "username": "jefferynavarro",
    "firstName": "Jessica",
    "lastName": "Fleming",
    "email": "tbowen@yahoo.com",
    "birthDate": "1980-11-15",
    "basicSalary": 6178.41,
    "status": "Contract",
    "group": "IT",
    "description": "2024-10-20T16:32:11+00:00"
  },
  {
    "id": 39,
    "username": "stephanie32",
    "firstName": "Karen",
    "lastName": "Ramirez",
    "email": "deannarogers@hotmail.com",
    "birthDate": "1981-11-20",
    "basicSalary": 11249.34,
    "status": "Contract",
    "group": "Finance",
    "description": "2024-03-21T19:05:59+00:00"
  },
  {
    "id": 40,
    "username": "deancrawford",
    "firstName": "Dwayne",
    "lastName": "Taylor",
    "email": "hayescrystal@hughes-thomas.com",
    "birthDate": "1990-08-08",
    "basicSalary": 7613.72,
    "status": "Contract",
    "group": "Finance",
    "description": "2025-06-25T10:59:57+00:00"
  },
  {
    "id": 41,
    "username": "princeashley",
    "firstName": "Johnny",
    "lastName": "Bartlett",
    "email": "hannah68@yahoo.com",
    "birthDate": "1976-04-22",
    "basicSalary": 10850.0,
    "status": "Full Time",
    "group": "Operation",
    "description": "2024-03-11T20:03:15+00:00"
  },
  {
    "id": 42,
    "username": "qvasquez",
    "firstName": "Heather",
    "lastName": "Berry",
    "email": "perezjonathan@yahoo.com",
    "birthDate": "1968-11-28",
    "basicSalary": 6253.05,
    "status": "Contract",
    "group": "HR",
    "description": "2024-09-27T09:56:59+00:00"
  },
  {
    "id": 43,
    "username": "grayrobert",
    "firstName": "Jeffrey",
    "lastName": "Cooper",
    "email": "garciavalerie@garner-mcmillan.com",
    "birthDate": "1974-09-23",
    "basicSalary": 13049.54,
    "status": "Contract",
    "group": "Digital",
    "description": "2025-03-20T03:11:09+00:00"
  },
  {
    "id": 44,
    "username": "rrodriguez",
    "firstName": "Guy",
    "lastName": "Perry",
    "email": "xbrandt@hotmail.com",
    "birthDate": "1984-01-26",
    "basicSalary": 3225.39,
    "status": "Contract",
    "group": "IT",
    "description": "2024-01-14T15:41:31+00:00"
  },
  {
    "id": 45,
    "username": "lallen",
    "firstName": "Natalie",
    "lastName": "Burgess",
    "email": "tjohnson@phillips.com",
    "birthDate": "1992-06-05",
    "basicSalary": 9089.34,
    "status": "Full Time",
    "group": "IT",
    "description": "2024-06-02T07:08:47+00:00"
  },
  {
    "id": 46,
    "username": "yolandanichols",
    "firstName": "Taylor",
    "lastName": "Dillon",
    "email": "dilloncody@rogers-medina.com",
    "birthDate": "2001-03-18",
    "basicSalary": 4114.99,
    "status": "Full Time",
    "group": "HR",
    "description": "2024-11-25T07:48:15+00:00"
  },
  {
    "id": 47,
    "username": "max15",
    "firstName": "Mark",
    "lastName": "Torres",
    "email": "gmoore@hickman.biz",
    "birthDate": "1984-06-27",
    "basicSalary": 8748.02,
    "status": "Full Time",
    "group": "HR",
    "description": "2024-02-15T20:01:01+00:00"
  },
  {
    "id": 48,
    "username": "meagan69",
    "firstName": "Craig",
    "lastName": "Morales",
    "email": "katrina49@jones.com",
    "birthDate": "1996-06-24",
    "basicSalary": 8490.4,
    "status": "Contract",
    "group": "IT",
    "description": "2024-08-13T08:29:10+00:00"
  },
  {
    "id": 49,
    "username": "bryancantrell",
    "firstName": "Brian",
    "lastName": "Adams",
    "email": "danielvanessa@gmail.com",
    "birthDate": "1980-03-06",
    "basicSalary": 3924.03,
    "status": "Contract",
    "group": "Finance",
    "description": "2024-07-02T12:59:31+00:00"
  },
  {
    "id": 50,
    "username": "cbrock",
    "firstName": "Jennifer",
    "lastName": "Gibson",
    "email": "alisondavis@yahoo.com",
    "birthDate": "2001-10-21",
    "basicSalary": 3842.54,
    "status": "Contract",
    "group": "Operation",
    "description": "2024-12-09T15:53:12+00:00"
  },
  {
    "id": 51,
    "username": "jimmy89",
    "firstName": "Debra",
    "lastName": "Martin",
    "email": "nortondavid@gmail.com",
    "birthDate": "1968-04-30",
    "basicSalary": 13785.05,
    "status": "Contract",
    "group": "Finance",
    "description": "2025-07-18T09:06:53+00:00"
  },
  {
    "id": 52,
    "username": "owenscarla",
    "firstName": "Pamela",
    "lastName": "Torres",
    "email": "lhall@terry.biz",
    "birthDate": "1998-10-10",
    "basicSalary": 12713.78,
    "status": "Full Time",
    "group": "Operation",
    "description": "2025-06-20T01:20:19+00:00"
  },
  {
    "id": 53,
    "username": "rachelschultz",
    "firstName": "James",
    "lastName": "Best",
    "email": "dcruz@larson.net",
    "birthDate": "1991-12-25",
    "basicSalary": 13424.9,
    "status": "Contract",
    "group": "Digital",
    "description": "2024-02-14T16:48:19+00:00"
  },
  {
    "id": 54,
    "username": "robert55",
    "firstName": "Kathleen",
    "lastName": "Hughes",
    "email": "howardrogers@gmail.com",
    "birthDate": "1964-09-17",
    "basicSalary": 13326.13,
    "status": "Full Time",
    "group": "HR",
    "description": "2024-04-15T19:55:49+00:00"
  },
  {
    "id": 55,
    "username": "gthompson",
    "firstName": "Joy",
    "lastName": "Davidson",
    "email": "jacob68@hotmail.com",
    "birthDate": "1977-03-20",
    "basicSalary": 14299.0,
    "status": "Contract",
    "group": "HR",
    "description": "2024-11-14T03:51:49+00:00"
  },
  {
    "id": 56,
    "username": "howelljonathan",
    "firstName": "Tammy",
    "lastName": "Thompson",
    "email": "piercemonica@garza.com",
    "birthDate": "1974-07-30",
    "basicSalary": 7332.03,
    "status": "Contract",
    "group": "Operation",
    "description": "2024-11-14T11:55:46+00:00"
  },
  {
    "id": 57,
    "username": "glopez",
    "firstName": "Emily",
    "lastName": "Craig",
    "email": "zthornton@zhang.com",
    "birthDate": "1970-02-13",
    "basicSalary": 12818.61,
    "status": "Full Time",
    "group": "HR",
    "description": "2024-05-10T14:58:09+00:00"
  },
  {
    "id": 58,
    "username": "jacqueline73",
    "firstName": "Matthew",
    "lastName": "Osborn",
    "email": "suedavidson@gmail.com",
    "birthDate": "1976-04-24",
    "basicSalary": 9379.24,
    "status": "Full Time",
    "group": "HR",
    "description": "2024-03-02T12:45:51+00:00"
  },
  {
    "id": 59,
    "username": "briannaholland",
    "firstName": "Gabriel",
    "lastName": "Thomas",
    "email": "jacob90@walker.biz",
    "birthDate": "1974-01-11",
    "basicSalary": 6825.7,
    "status": "Full Time",
    "group": "Operation",
    "description": "2025-03-03T07:36:14+00:00"
  },
  {
    "id": 60,
    "username": "kathleenperez",
    "firstName": "Jorge",
    "lastName": "Cooper",
    "email": "lopezemily@hotmail.com",
    "birthDate": "2000-09-15",
    "basicSalary": 3366.1,
    "status": "Contract",
    "group": "Finance",
    "description": "2024-04-21T04:56:04+00:00"
  },
  {
    "id": 61,
    "username": "jortiz",
    "firstName": "Rebecca",
    "lastName": "Foster",
    "email": "abentley@lewis.com",
    "birthDate": "1978-09-14",
    "basicSalary": 6285.17,
    "status": "Contract",
    "group": "IT",
    "description": "2024-01-07T03:01:44+00:00"
  },
  {
    "id": 62,
    "username": "dsharp",
    "firstName": "Crystal",
    "lastName": "Bowen",
    "email": "samuelshea@gmail.com",
    "birthDate": "1972-02-10",
    "basicSalary": 3425.73,
    "status": "Full Time",
    "group": "Digital",
    "description": "2025-03-11T06:44:57+00:00"
  },
  {
    "id": 63,
    "username": "joshua14",
    "firstName": "Thomas",
    "lastName": "Abbott",
    "email": "michaelobrien@yahoo.com",
    "birthDate": "1987-01-06",
    "basicSalary": 12565.54,
    "status": "Contract",
    "group": "HR",
    "description": "2024-08-18T15:21:09+00:00"
  },
  {
    "id": 64,
    "username": "robertgallagher",
    "firstName": "Steven",
    "lastName": "Pace",
    "email": "joseph34@bowman-hanson.org",
    "birthDate": "1983-05-13",
    "basicSalary": 5169.31,
    "status": "Contract",
    "group": "Operation",
    "description": "2025-04-13T14:18:20+00:00"
  },
  {
    "id": 65,
    "username": "heatherolson",
    "firstName": "Sara",
    "lastName": "Russell",
    "email": "luis48@jones-richardson.com",
    "birthDate": "1971-08-22",
    "basicSalary": 5168.72,
    "status": "Full Time",
    "group": "IT",
    "description": "2025-04-18T00:20:12+00:00"
  },
  {
    "id": 66,
    "username": "rnewman",
    "firstName": "Kimberly",
    "lastName": "Simmons",
    "email": "umatthews@andrews.com",
    "birthDate": "2000-12-11",
    "basicSalary": 5197.51,
    "status": "Full Time",
    "group": "Operation",
    "description": "2024-07-19T18:54:56+00:00"
  },
  {
    "id": 67,
    "username": "nancyreynolds",
    "firstName": "Nicholas",
    "lastName": "Lee",
    "email": "thomasjeffrey@hotmail.com",
    "birthDate": "1985-08-01",
    "basicSalary": 13758.6,
    "status": "Full Time",
    "group": "HR",
    "description": "2024-12-01T16:17:38+00:00"
  },
  {
    "id": 68,
    "username": "haleyburns",
    "firstName": "Samantha",
    "lastName": "Fletcher",
    "email": "richardsapril@hotmail.com",
    "birthDate": "1985-12-13",
    "basicSalary": 14171.14,
    "status": "Contract",
    "group": "HR",
    "description": "2024-09-27T09:13:40+00:00"
  },
  {
    "id": 69,
    "username": "onunez",
    "firstName": "Joshua",
    "lastName": "Davis",
    "email": "rangelanthony@yahoo.com",
    "birthDate": "1991-05-23",
    "basicSalary": 10178.81,
    "status": "Contract",
    "group": "Operation",
    "description": "2024-04-15T20:32:04+00:00"
  },
  {
    "id": 70,
    "username": "ibrown",
    "firstName": "Jason",
    "lastName": "Giles",
    "email": "cherylclark@foley.info",
    "birthDate": "1976-03-25",
    "basicSalary": 9291.98,
    "status": "Full Time",
    "group": "Digital",
    "description": "2025-06-29T16:33:27+00:00"
  },
  {
    "id": 71,
    "username": "ogreen",
    "firstName": "Brian",
    "lastName": "Patterson",
    "email": "walkermary@gmail.com",
    "birthDate": "1996-08-14",
    "basicSalary": 12818.46,
    "status": "Full Time",
    "group": "HR",
    "description": "2024-05-17T13:49:53+00:00"
  },
  {
    "id": 72,
    "username": "josephandrew",
    "firstName": "Jennifer",
    "lastName": "Wright",
    "email": "scott38@martinez-gray.info",
    "birthDate": "2003-02-21",
    "basicSalary": 12921.06,
    "status": "Contract",
    "group": "IT",
    "description": "2025-06-26T23:51:36+00:00"
  },
  {
    "id": 73,
    "username": "fowlermichael",
    "firstName": "Emily",
    "lastName": "Cole",
    "email": "deborahgoodman@melton-lopez.info",
    "birthDate": "1972-02-06",
    "basicSalary": 3963.14,
    "status": "Full Time",
    "group": "HR",
    "description": "2024-03-11T15:10:31+00:00"
  },
  {
    "id": 74,
    "username": "morganlauren",
    "firstName": "John",
    "lastName": "Williams",
    "email": "bethanymoody@brennan.net",
    "birthDate": "1991-07-27",
    "basicSalary": 14103.39,
    "status": "Contract",
    "group": "HR",
    "description": "2024-12-20T02:42:47+00:00"
  },
  {
    "id": 75,
    "username": "jamesjones",
    "firstName": "John",
    "lastName": "Shepherd",
    "email": "maryerickson@murphy.info",
    "birthDate": "1979-05-06",
    "basicSalary": 8686.18,
    "status": "Contract",
    "group": "Digital",
    "description": "2025-06-08T00:43:04+00:00"
  },
  {
    "id": 76,
    "username": "robertho",
    "firstName": "Jordan",
    "lastName": "Moore",
    "email": "cathyharmon@yahoo.com",
    "birthDate": "1972-06-11",
    "basicSalary": 11600.78,
    "status": "Full Time",
    "group": "IT",
    "description": "2025-04-17T20:57:58+00:00"
  },
  {
    "id": 77,
    "username": "elizabethliu",
    "firstName": "Sheila",
    "lastName": "Rubio",
    "email": "coopercatherine@wade.org",
    "birthDate": "1964-09-24",
    "basicSalary": 7956.36,
    "status": "Contract",
    "group": "Finance",
    "description": "2025-02-09T09:39:37+00:00"
  },
  {
    "id": 78,
    "username": "hansonthomas",
    "firstName": "Joe",
    "lastName": "Jackson",
    "email": "portercatherine@hotmail.com",
    "birthDate": "1973-01-10",
    "basicSalary": 10096.64,
    "status": "Contract",
    "group": "Finance",
    "description": "2024-06-30T15:18:47+00:00"
  },
  {
    "id": 79,
    "username": "amanda37",
    "firstName": "Amy",
    "lastName": "Reeves",
    "email": "tarmstrong@reilly.com",
    "birthDate": "1986-12-04",
    "basicSalary": 6960.24,
    "status": "Full Time",
    "group": "IT",
    "description": "2024-02-26T05:50:21+00:00"
  },
  {
    "id": 80,
    "username": "kathleenhernandez",
    "firstName": "Sean",
    "lastName": "Ramirez",
    "email": "mmiranda@mccormick.com",
    "birthDate": "1972-05-13",
    "basicSalary": 4427.58,
    "status": "Contract",
    "group": "Finance",
    "description": "2025-05-01T06:26:43+00:00"
  },
  {
    "id": 81,
    "username": "tracy92",
    "firstName": "Bianca",
    "lastName": "Raymond",
    "email": "jeremy06@gmail.com",
    "birthDate": "1999-10-03",
    "basicSalary": 10078.37,
    "status": "Full Time",
    "group": "Operation",
    "description": "2024-10-16T22:31:57+00:00"
  },
  {
    "id": 82,
    "username": "michelleward",
    "firstName": "Michelle",
    "lastName": "Lynch",
    "email": "lorimoody@hotmail.com",
    "birthDate": "1973-02-01",
    "basicSalary": 11231.05,
    "status": "Full Time",
    "group": "Digital",
    "description": "2024-12-23T19:51:35+00:00"
  },
  {
    "id": 83,
    "username": "russell34",
    "firstName": "Heather",
    "lastName": "Williams",
    "email": "drobinson@hicks.biz",
    "birthDate": "1999-02-26",
    "basicSalary": 7145.08,
    "status": "Full Time",
    "group": "IT",
    "description": "2024-12-15T13:02:10+00:00"
  },
  {
    "id": 84,
    "username": "williamyoung",
    "firstName": "Kevin",
    "lastName": "Mathews",
    "email": "mendezwilliam@young.com",
    "birthDate": "1991-11-23",
    "basicSalary": 12728.11,
    "status": "Full Time",
    "group": "Operation",
    "description": "2025-06-24T01:22:35+00:00"
  },
  {
    "id": 85,
    "username": "psmith",
    "firstName": "David",
    "lastName": "Duncan",
    "email": "heatherthompson@johnson.com",
    "birthDate": "1984-09-11",
    "basicSalary": 4506.54,
    "status": "Contract",
    "group": "Digital",
    "description": "2025-04-08T17:34:20+00:00"
  },
  {
    "id": 86,
    "username": "hwashington",
    "firstName": "Brenda",
    "lastName": "Gilbert",
    "email": "patrick76@scott-melton.com",
    "birthDate": "2003-02-22",
    "basicSalary": 11140.39,
    "status": "Full Time",
    "group": "Finance",
    "description": "2024-05-01T20:00:54+00:00"
  },
  {
    "id": 87,
    "username": "rodriguezrobert",
    "firstName": "Jody",
    "lastName": "Chambers",
    "email": "martinmelanie@gmail.com",
    "birthDate": "1967-07-15",
    "basicSalary": 13709.58,
    "status": "Full Time",
    "group": "HR",
    "description": "2024-11-22T10:03:24+00:00"
  },
  {
    "id": 88,
    "username": "jenna90",
    "firstName": "Mary",
    "lastName": "Long",
    "email": "adamjohnson@gmail.com",
    "birthDate": "1966-02-18",
    "basicSalary": 5857.22,
    "status": "Contract",
    "group": "Operation",
    "description": "2025-03-20T07:58:52+00:00"
  },
  {
    "id": 89,
    "username": "walter59",
    "firstName": "Curtis",
    "lastName": "Acevedo",
    "email": "mejiajulie@bell.com",
    "birthDate": "1988-01-26",
    "basicSalary": 9292.16,
    "status": "Full Time",
    "group": "HR",
    "description": "2024-10-24T05:27:03+00:00"
  },
  {
    "id": 90,
    "username": "lisaarnold",
    "firstName": "Denise",
    "lastName": "Thompson",
    "email": "monicamiller@gmail.com",
    "birthDate": "1975-08-25",
    "basicSalary": 8245.8,
    "status": "Full Time",
    "group": "Operation",
    "description": "2024-01-16T13:39:56+00:00"
  },
  {
    "id": 91,
    "username": "jennifer58",
    "firstName": "Angela",
    "lastName": "Wells",
    "email": "edgarcarrillo@miranda-navarro.com",
    "birthDate": "1966-05-07",
    "basicSalary": 14399.77,
    "status": "Full Time",
    "group": "Digital",
    "description": "2024-02-29T02:47:33+00:00"
  },
  {
    "id": 92,
    "username": "gsmith",
    "firstName": "Crystal",
    "lastName": "Fields",
    "email": "erin23@phillips-romero.org",
    "birthDate": "2000-10-06",
    "basicSalary": 7503.75,
    "status": "Full Time",
    "group": "Operation",
    "description": "2024-12-08T12:22:53+00:00"
  },
  {
    "id": 93,
    "username": "katherinefrank",
    "firstName": "Shawn",
    "lastName": "Wang",
    "email": "nortonstephen@hotmail.com",
    "birthDate": "1980-02-20",
    "basicSalary": 7570.99,
    "status": "Contract",
    "group": "Operation",
    "description": "2024-03-18T01:04:48+00:00"
  },
  {
    "id": 94,
    "username": "zhall",
    "firstName": "Isaiah",
    "lastName": "Miranda",
    "email": "jflores@gmail.com",
    "birthDate": "2002-12-31",
    "basicSalary": 14218.08,
    "status": "Full Time",
    "group": "Operation",
    "description": "2024-08-30T23:15:15+00:00"
  },
  {
    "id": 95,
    "username": "emason",
    "firstName": "Travis",
    "lastName": "Ramirez",
    "email": "whitepeter@gmail.com",
    "birthDate": "1983-04-01",
    "basicSalary": 4251.24,
    "status": "Full Time",
    "group": "Digital",
    "description": "2024-05-16T11:53:20+00:00"
  },
  {
    "id": 96,
    "username": "perrykevin",
    "firstName": "Robert",
    "lastName": "Blake",
    "email": "nelsonjeremy@smith.com",
    "birthDate": "1972-05-19",
    "basicSalary": 11881.58,
    "status": "Contract",
    "group": "Digital",
    "description": "2024-01-01T07:28:22+00:00"
  },
  {
    "id": 97,
    "username": "lucasjohn",
    "firstName": "Kelly",
    "lastName": "Sanford",
    "email": "ewhite@davies.info",
    "birthDate": "1966-12-06",
    "basicSalary": 11793.74,
    "status": "Contract",
    "group": "Operation",
    "description": "2025-07-07T01:01:12+00:00"
  },
  {
    "id": 98,
    "username": "williamskyle",
    "firstName": "Christopher",
    "lastName": "Porter",
    "email": "danielsbrandi@welch-austin.com",
    "birthDate": "1980-05-06",
    "basicSalary": 10917.04,
    "status": "Full Time",
    "group": "Operation",
    "description": "2025-03-16T14:40:04+00:00"
  },
  {
    "id": 99,
    "username": "sandra53",
    "firstName": "Megan",
    "lastName": "Valdez",
    "email": "chavezmichelle@gmail.com",
    "birthDate": "2003-07-14",
    "basicSalary": 7823.3,
    "status": "Full Time",
    "group": "IT",
    "description": "2024-02-20T01:00:21+00:00"
  },
  {
    "id": 100,
    "username": "kimberly83",
    "firstName": "Laurie",
    "lastName": "Price",
    "email": "harriswilliam@rodriguez.info",
    "birthDate": "1982-08-15",
    "basicSalary": 9396.34,
    "status": "Contract",
    "group": "Finance",
    "description": "2025-06-08T09:42:56+00:00"
  }
]
